input_id	dealiased_id	standard_id	short_id
doi:10.5281/zenodo.2587555	doi:10.5281/zenodo.2587555	doi:10.5281/zenodo.2587555	115PPSuQp
doi:10.3233/978-1-61499-649-1-87	doi:10.3233/978-1-61499-649-1-87	doi:10.3233/978-1-61499-649-1-87	1Bh7g5XAe
doi:10.5281/zenodo.3999402	doi:10.5281/zenodo.3999402	doi:10.5281/zenodo.3999402	tZRGGuMm
doi:10.25080/Majora-92bf1922-00a	doi:10.25080/Majora-92bf1922-00a	doi:10.25080/majora-92bf1922-00a	U5AcoDOX
